timestamp,server_id,temperature_f,cpu_usage_percent,memory_usage_percent,power_load_percent,cooling_status,network_latency_ms,packet_loss_percent,uptime_status
2025-01-01 08:00:00,SRV-102,68.8,26,43,34,OK,24,0.26,UP
2025-01-01 08:01:00,SRV-109,70.2,13,40,41,OK,10,0.18,UP
2025-01-01 08:02:00,SRV-101,73.2,56,69,54,OK,10,0.16,UP
2025-01-01 08:03:00,SRV-105,84.3,89,86,81,OK,73,0.66,UP
2025-01-01 08:04:00,SRV-106,69.8,34,57,66,OK,11,0.28,UP
2025-01-01 08:05:00,SRV-108,75.7,36,40,63,OK,12,0.29,UP
2025-01-01 08:06:00,SRV-110,78.7,79,80,86,OK,67,1.49,UP
2025-01-01 08:07:00,SRV-102,80.4,85,90,89,OK,84,0.67,UP
2025-01-01 08:08:00,SRV-106,68.7,55,39,66,OK,23,0.06,UP
2025-01-01 08:09:00,SRV-104,69.8,52,70,42,OK,24,0.11,UP
2025-01-01 08:10:00,SRV-101,66.3,32,60,45,OK,5,0.07,UP
2025-01-01 08:11:00,SRV-110,82.9,84,90,83,OK,56,0.81,UP
2025-01-01 08:12:00,SRV-104,83.7,84,89,82,OK,84,0.75,UP
2025-01-01 08:13:00,SRV-103,66.9,15,42,37,OK,23,0.06,UP
2025-01-01 08:14:00,SRV-107,69.8,50,64,61,OK,11,0.34,UP
2025-01-01 08:15:00,SRV-101,67.1,68,69,45,OK,27,0.22,UP
2025-01-01 08:16:00,SRV-102,67.6,12,51,60,OK,27,0.06,UP
2025-01-01 08:17:00,SRV-102,82.8,87,83,78,OK,85,1.48,UP
2025-01-01 08:18:00,SRV-109,93.6,97,92,89,OK,345,6.85,UP
2025-01-01 08:19:00,SRV-105,68.4,48,40,33,OK,26,0.17,UP
2025-01-01 08:20:00,SRV-102,97.2,98,94,92,FAIL,430,6.81,DOWN
2025-01-01 08:21:00,SRV-107,94.6,99,96,94,OK,351,4.47,UP
2025-01-01 08:22:00,SRV-109,68.5,16,56,29,OK,21,0.19,UP
2025-01-01 08:23:00,SRV-110,66.7,52,38,42,OK,5,0.32,UP
2025-01-01 08:24:00,SRV-106,68.4,54,66,41,OK,20,0.05,UP
2025-01-01 08:25:00,SRV-110,68.4,42,61,40,OK,6,0.03,UP
2025-01-01 08:26:00,SRV-107,70.1,67,38,34,OK,4,0.14,UP
2025-01-01 08:27:00,SRV-106,78.7,86,87,78,OK,92,0.7,UP
2025-01-01 08:28:00,SRV-108,75.2,40,70,34,OK,4,0.23,UP
2025-01-01 08:29:00,SRV-109,85.3,91,83,78,FAIL,90,1.11,UP
2025-01-01 08:30:00,SRV-104,78.5,78,86,80,FAIL,138,1.51,UP
2025-01-01 08:31:00,SRV-105,75.6,62,70,59,OK,7,0.07,UP
2025-01-01 08:32:00,SRV-104,95.2,94,92,97,OK,404,4.82,UP
2025-01-01 08:33:00,SRV-109,75.6,17,46,32,OK,22,0.02,UP
2025-01-01 08:34:00,SRV-104,75.4,48,50,65,OK,22,0.01,UP
2025-01-01 08:35:00,SRV-102,71.8,45,55,44,OK,9,0.23,UP
2025-01-01 08:36:00,SRV-106,70.0,54,54,57,OK,13,0.33,UP
2025-01-01 08:37:00,SRV-102,72.2,48,41,32,OK,20,0.07,UP
2025-01-01 08:38:00,SRV-105,69.5,16,50,51,OK,12,0.06,UP
2025-01-01 08:39:00,SRV-109,72.1,63,68,28,OK,24,0.29,UP
2025-01-01 08:40:00,SRV-105,91.7,94,100,90,FAIL,299,3.62,UP
2025-01-01 08:41:00,SRV-104,68.0,52,51,60,OK,18,0.09,UP
2025-01-01 08:42:00,SRV-101,70.2,29,37,28,OK,13,0.27,UP
2025-01-01 08:43:00,SRV-105,70.4,57,62,63,OK,3,0.04,UP
2025-01-01 08:44:00,SRV-103,74.3,49,70,37,OK,16,0.04,UP
2025-01-01 08:45:00,SRV-105,75.3,67,37,50,OK,9,0.24,UP
2025-01-01 08:46:00,SRV-102,71.6,67,61,67,OK,26,0.05,UP
2025-01-01 08:47:00,SRV-104,84.3,84,80,78,FAIL,132,1.7,UP
2025-01-01 08:48:00,SRV-107,84.3,82,82,88,OK,127,0.6,UP
2025-01-01 08:49:00,SRV-101,84.3,85,85,80,OK,139,1.63,UP
2025-01-01 08:50:00,SRV-104,67.9,33,52,32,OK,27,0.1,UP
2025-01-01 08:51:00,SRV-109,75.8,46,56,29,OK,6,0.31,UP
2025-01-01 08:52:00,SRV-105,75.6,28,37,34,OK,22,0.15,UP
2025-01-01 08:53:00,SRV-106,75.8,19,59,64,OK,9,0.09,UP
2025-01-01 08:54:00,SRV-107,75.3,46,47,51,OK,16,0.02,UP
2025-01-01 08:55:00,SRV-106,72.6,19,54,60,OK,12,0.23,UP
2025-01-01 08:56:00,SRV-106,69.0,20,47,54,OK,24,0.33,UP
2025-01-01 08:57:00,SRV-103,69.0,47,35,47,OK,12,0.07,UP
2025-01-01 08:58:00,SRV-110,69.2,40,63,41,OK,19,0.17,UP
2025-01-01 08:59:00,SRV-103,68.8,54,74,49,OK,5,0.29,UP
2025-01-01 09:00:00,SRV-104,68.2,24,44,29,OK,4,0.09,UP
2025-01-01 09:01:00,SRV-108,73.7,41,61,68,OK,21,0.07,UP
2025-01-01 09:02:00,SRV-107,68.4,53,35,34,OK,27,0.15,UP
2025-01-01 09:03:00,SRV-103,81.2,86,83,90,OK,53,1.07,UP
2025-01-01 09:04:00,SRV-108,75.9,50,55,56,OK,22,0.29,UP
2025-01-01 09:05:00,SRV-109,75.1,40,45,58,OK,17,0.09,UP
2025-01-01 09:06:00,SRV-104,84.0,85,90,79,OK,73,1.04,UP
2025-01-01 09:07:00,SRV-105,69.4,46,40,36,OK,7,0.08,UP
2025-01-01 09:08:00,SRV-103,66.6,38,56,62,OK,17,0.15,UP
2025-01-01 09:09:00,SRV-104,83.9,89,80,89,OK,135,1.23,UP
2025-01-01 09:10:00,SRV-108,69.5,60,59,54,OK,20,0.26,UP
2025-01-01 09:11:00,SRV-109,81.4,82,86,83,FAIL,41,0.97,UP
2025-01-01 09:12:00,SRV-107,85.3,87,88,76,OK,88,1.25,UP
2025-01-01 09:13:00,SRV-101,70.3,67,64,39,OK,4,0.09,UP
2025-01-01 09:14:00,SRV-106,69.3,60,59,45,OK,27,0.33,UP
2025-01-01 09:15:00,SRV-107,66.8,13,69,31,OK,14,0.08,UP
2025-01-01 09:16:00,SRV-102,83.8,81,83,89,OK,40,1.29,UP
2025-01-01 09:17:00,SRV-104,72.7,48,48,57,OK,25,0.09,UP
2025-01-01 09:18:00,SRV-106,72.1,59,42,38,OK,12,0.04,UP
2025-01-01 09:19:00,SRV-101,91.1,99,95,89,OK,463,5.83,UP
2025-01-01 09:20:00,SRV-104,73.7,66,73,35,OK,28,0.34,UP
2025-01-01 09:21:00,SRV-101,70.3,35,39,60,OK,23,0.12,UP
2025-01-01 09:22:00,SRV-107,85.6,88,87,87,OK,57,1.04,UP
2025-01-01 09:23:00,SRV-109,95.5,97,99,94,FAIL,463,3.55,UP
2025-01-01 09:24:00,SRV-104,84.9,81,87,85,OK,116,1.35,UP
2025-01-01 09:25:00,SRV-106,74.5,23,66,41,OK,14,0.28,UP
2025-01-01 09:26:00,SRV-106,72.0,68,52,63,OK,3,0.18,UP
2025-01-01 09:27:00,SRV-104,73.2,43,70,43,OK,25,0.17,UP
2025-01-01 09:28:00,SRV-108,66.2,30,49,53,OK,25,0.09,UP
2025-01-01 09:29:00,SRV-110,71.5,34,62,63,OK,13,0.12,UP
2025-01-01 09:30:00,SRV-108,68.5,19,47,48,OK,6,0.26,UP
2025-01-01 09:31:00,SRV-103,73.4,29,72,61,OK,22,0.1,UP
2025-01-01 09:32:00,SRV-102,80.2,82,80,87,OK,106,0.62,UP
2025-01-01 09:33:00,SRV-101,88.4,100,99,89,OK,166,5.2,UP
2025-01-01 09:34:00,SRV-108,69.4,15,51,58,OK,6,0.29,UP
2025-01-01 09:35:00,SRV-107,71.8,55,38,37,OK,7,0.28,UP
2025-01-01 09:36:00,SRV-105,68.5,47,61,66,OK,22,0.28,UP
2025-01-01 09:37:00,SRV-104,85.2,82,89,82,OK,77,1.22,UP
2025-01-01 09:38:00,SRV-101,73.4,60,48,68,OK,9,0.09,UP
2025-01-01 09:39:00,SRV-102,67.7,16,45,28,OK,16,0.16,UP
2025-01-01 09:40:00,SRV-110,66.3,30,53,57,OK,5,0.24,UP
2025-01-01 09:41:00,SRV-105,83.0,81,86,77,OK,107,0.75,UP
2025-01-01 09:42:00,SRV-103,77.6,80,84,85,OK,133,1.56,UP
2025-01-01 09:43:00,SRV-105,70.7,31,60,45,OK,19,0.19,UP
2025-01-01 09:44:00,SRV-108,66.4,39,55,66,OK,11,0.01,UP
2025-01-01 09:45:00,SRV-104,97.5,100,96,97,OK,180,6.22,UP
2025-01-01 09:46:00,SRV-103,72.5,29,46,65,OK,16,0.22,UP
2025-01-01 09:47:00,SRV-108,92.5,94,94,93,FAIL,370,5.85,DOWN
2025-01-01 09:48:00,SRV-105,70.0,60,70,30,OK,17,0.03,UP
2025-01-01 09:49:00,SRV-105,75.7,37,67,28,OK,24,0.3,UP
2025-01-01 09:50:00,SRV-108,67.9,35,74,59,OK,23,0.15,UP
2025-01-01 09:51:00,SRV-101,71.5,30,63,59,OK,6,0.01,UP
2025-01-01 09:52:00,SRV-110,79.8,78,88,82,OK,49,0.75,UP
2025-01-01 09:53:00,SRV-102,67.2,65,44,59,OK,25,0.1,UP
2025-01-01 09:54:00,SRV-105,70.8,42,50,57,OK,20,0.05,UP
2025-01-01 09:55:00,SRV-104,100.1,96,98,93,FAIL,419,3.54,UP
2025-01-01 09:56:00,SRV-101,69.0,49,72,59,OK,7,0.16,UP
2025-01-01 09:57:00,SRV-108,71.5,46,59,57,OK,13,0.3,UP
2025-01-01 09:58:00,SRV-104,68.3,61,61,30,OK,13,0.26,UP
2025-01-01 09:59:00,SRV-107,72.6,64,44,59,OK,4,0.04,UP
2025-01-01 10:00:00,SRV-110,67.0,66,63,34,OK,19,0.32,UP
2025-01-01 10:01:00,SRV-101,82.9,80,81,83,OK,138,1.76,UP
2025-01-01 10:02:00,SRV-106,70.0,17,56,62,OK,15,0.33,UP
2025-01-01 10:03:00,SRV-108,77.6,88,90,90,OK,74,1.8,UP
2025-01-01 10:04:00,SRV-102,67.0,52,41,56,OK,8,0.24,UP
2025-01-01 10:05:00,SRV-101,74.0,30,57,51,OK,16,0.05,UP
2025-01-01 10:06:00,SRV-109,72.8,23,45,39,OK,5,0.21,UP
2025-01-01 10:07:00,SRV-107,68.4,49,44,42,OK,17,0.22,UP
2025-01-01 10:08:00,SRV-108,66.1,63,64,46,OK,24,0.19,UP
2025-01-01 10:09:00,SRV-102,69.5,49,54,68,OK,16,0.24,UP
2025-01-01 10:10:00,SRV-108,80.5,85,81,79,OK,86,1.22,UP
2025-01-01 10:11:00,SRV-110,73.0,13,60,45,OK,3,0.2,UP
2025-01-01 10:12:00,SRV-101,84.5,82,83,85,OK,140,0.93,UP
2025-01-01 10:13:00,SRV-104,72.8,58,43,68,OK,6,0.32,UP
2025-01-01 10:14:00,SRV-101,70.4,49,58,36,OK,5,0.32,UP
2025-01-01 10:15:00,SRV-106,78.2,86,85,84,OK,102,1.68,UP
2025-01-01 10:16:00,SRV-103,74.2,42,53,49,OK,28,0.04,UP
2025-01-01 10:17:00,SRV-102,75.7,67,60,63,OK,14,0.03,UP
2025-01-01 10:18:00,SRV-107,71.4,41,58,44,OK,21,0.13,UP
2025-01-01 10:19:00,SRV-106,68.3,13,74,63,OK,13,0.32,UP
2025-01-01 10:20:00,SRV-104,72.4,41,54,54,OK,6,0.05,UP
2025-01-01 10:21:00,SRV-101,70.9,18,50,62,OK,7,0.14,UP
2025-01-01 10:22:00,SRV-106,73.4,46,61,65,OK,26,0.25,UP
2025-01-01 10:23:00,SRV-107,74.3,51,61,45,OK,4,0.24,UP
2025-01-01 10:24:00,SRV-104,75.5,66,58,34,OK,24,0.13,UP
2025-01-01 10:25:00,SRV-106,68.8,19,64,33,OK,24,0.07,UP
2025-01-01 10:26:00,SRV-110,101.8,100,95,89,FAIL,443,3.22,DOWN
2025-01-01 10:27:00,SRV-104,84.0,90,89,76,OK,73,1.61,UP
2025-01-01 10:28:00,SRV-103,89.5,100,92,90,FAIL,167,4.03,UP
2025-01-01 10:29:00,SRV-104,66.2,28,38,36,OK,26,0.15,UP
2025-01-01 10:30:00,SRV-102,84.0,86,89,77,OK,95,1.13,UP
2025-01-01 10:31:00,SRV-110,73.8,67,68,47,OK,17,0.23,UP
2025-01-01 10:32:00,SRV-101,70.8,37,62,34,OK,18,0.25,UP
2025-01-01 10:33:00,SRV-108,66.8,50,44,32,OK,7,0.1,UP
2025-01-01 10:34:00,SRV-110,69.3,50,68,46,OK,17,0.18,UP
2025-01-01 10:35:00,SRV-107,73.0,66,70,41,OK,16,0.16,UP
2025-01-01 10:36:00,SRV-104,74.3,37,61,34,OK,13,0.15,UP
2025-01-01 10:37:00,SRV-105,67.5,42,39,33,OK,5,0.03,UP
2025-01-01 10:38:00,SRV-102,78.2,78,89,84,OK,109,0.9,UP
2025-01-01 10:39:00,SRV-102,74.7,60,62,31,OK,12,0.21,UP
2025-01-01 10:40:00,SRV-106,71.1,21,65,42,OK,6,0.12,UP
2025-01-01 10:41:00,SRV-109,73.6,48,49,55,OK,20,0.34,UP
2025-01-01 10:42:00,SRV-110,72.4,13,73,45,OK,3,0.06,UP
2025-01-01 10:43:00,SRV-105,90.0,99,98,89,FAIL,232,6.1,DOWN
2025-01-01 10:44:00,SRV-101,71.3,36,61,57,OK,13,0.06,UP
2025-01-01 10:45:00,SRV-105,82.1,79,80,78,OK,58,1.47,UP
2025-01-01 10:46:00,SRV-101,68.7,54,62,59,OK,22,0.15,UP
2025-01-01 10:47:00,SRV-105,71.1,34,62,35,OK,12,0.24,UP
2025-01-01 10:48:00,SRV-110,72.7,14,49,53,OK,22,0.02,UP
2025-01-01 10:49:00,SRV-104,68.1,20,51,46,OK,13,0.04,UP
2025-01-01 10:50:00,SRV-108,80.4,89,83,84,OK,109,1.58,UP
2025-01-01 10:51:00,SRV-106,74.6,14,62,29,OK,17,0.32,UP
2025-01-01 10:52:00,SRV-106,71.7,57,61,46,OK,6,0.14,UP
2025-01-01 10:53:00,SRV-106,75.5,41,58,33,OK,16,0.3,UP
2025-01-01 10:54:00,SRV-104,70.0,17,60,47,OK,26,0.12,UP
2025-01-01 10:55:00,SRV-106,82.7,86,88,79,OK,137,0.92,UP
2025-01-01 10:56:00,SRV-103,67.5,24,46,66,OK,7,0.27,UP
2025-01-01 10:57:00,SRV-102,73.7,43,64,64,OK,27,0.2,UP
2025-01-01 10:58:00,SRV-110,75.9,32,55,37,OK,17,0.02,UP
2025-01-01 10:59:00,SRV-108,74.0,49,38,50,OK,19,0.03,UP
2025-01-01 11:00:00,SRV-108,66.6,65,53,32,OK,23,0.3,UP
2025-01-01 11:01:00,SRV-102,71.1,41,72,63,OK,28,0.26,UP
2025-01-01 11:02:00,SRV-101,74.1,53,47,48,OK,22,0.17,UP
2025-01-01 11:03:00,SRV-103,99.7,99,93,96,FAIL,248,2.31,UP
2025-01-01 11:04:00,SRV-108,93.1,96,98,94,FAIL,333,5.77,UP
2025-01-01 11:05:00,SRV-101,77.6,79,88,86,OK,87,0.83,UP
2025-01-01 11:06:00,SRV-110,82.2,80,85,80,OK,121,1.39,UP
2025-01-01 11:07:00,SRV-107,73.1,17,54,63,OK,15,0.23,UP
2025-01-01 11:08:00,SRV-106,84.5,89,90,90,OK,105,0.58,UP
2025-01-01 11:09:00,SRV-107,66.2,31,46,41,OK,13,0.33,UP
2025-01-01 11:10:00,SRV-108,76.0,21,39,46,OK,28,0.04,UP
2025-01-01 11:11:00,SRV-109,77.3,83,89,78,FAIL,114,0.96,UP
2025-01-01 11:12:00,SRV-103,72.9,51,45,56,OK,4,0.14,UP
2025-01-01 11:13:00,SRV-104,95.6,95,100,91,OK,318,7.31,UP
2025-01-01 11:14:00,SRV-108,83.1,87,87,83,OK,136,0.83,UP
2025-01-01 11:15:00,SRV-107,70.2,22,47,66,OK,7,0.31,UP
2025-01-01 11:16:00,SRV-101,74.7,47,41,61,OK,6,0.1,UP
2025-01-01 11:17:00,SRV-103,75.1,21,62,33,OK,10,0.29,UP
2025-01-01 11:18:00,SRV-106,93.2,97,93,93,FAIL,274,2.25,DOWN
2025-01-01 11:19:00,SRV-102,84.1,80,80,80,OK,98,1.39,UP
2025-01-01 11:20:00,SRV-103,82.5,79,80,80,OK,65,1.58,UP
2025-01-01 11:21:00,SRV-109,95.5,95,96,89,OK,184,3.39,DOWN
2025-01-01 11:22:00,SRV-110,67.1,43,73,62,OK,3,0.22,UP
2025-01-01 11:23:00,SRV-110,67.4,39,35,67,OK,14,0.08,UP
2025-01-01 11:24:00,SRV-107,72.7,45,58,32,OK,19,0.19,UP
2025-01-01 11:25:00,SRV-109,69.9,42,37,68,OK,15,0.34,UP
2025-01-01 11:26:00,SRV-105,77.6,81,91,86,OK,118,0.59,UP
2025-01-01 11:27:00,SRV-110,77.4,86,85,89,OK,120,0.69,UP
2025-01-01 11:28:00,SRV-108,89.9,99,99,88,FAIL,310,3.19,DOWN
2025-01-01 11:29:00,SRV-104,79.8,84,88,83,OK,70,0.5,UP
2025-01-01 11:30:00,SRV-104,74.6,15,56,45,OK,6,0.28,UP
2025-01-01 11:31:00,SRV-107,85.1,84,85,78,OK,101,1.38,UP
2025-01-01 11:32:00,SRV-106,98.2,94,98,97,FAIL,252,5.05,UP
2025-01-01 11:33:00,SRV-106,69.3,30,54,56,OK,22,0.25,UP
2025-01-01 11:34:00,SRV-103,69.5,14,57,67,OK,16,0.1,UP
2025-01-01 11:35:00,SRV-101,72.4,35,67,38,OK,3,0.05,UP
2025-01-01 11:36:00,SRV-110,70.4,20,39,43,OK,27,0.23,UP
2025-01-01 11:37:00,SRV-106,71.7,50,44,56,OK,14,0.13,UP
2025-01-01 11:38:00,SRV-102,71.3,37,55,45,OK,10,0.34,UP
2025-01-01 11:39:00,SRV-101,80.5,86,81,80,OK,137,0.8,UP
2025-01-01 11:40:00,SRV-108,72.1,56,66,40,OK,6,0.05,UP
2025-01-01 11:41:00,SRV-102,75.0,40,40,48,OK,24,0.12,UP
2025-01-01 11:42:00,SRV-102,68.9,31,45,68,OK,8,0.28,UP
2025-01-01 11:43:00,SRV-109,75.9,62,43,43,OK,28,0.17,UP
2025-01-01 11:44:00,SRV-106,69.7,63,70,36,OK,22,0.31,UP
2025-01-01 11:45:00,SRV-102,76.0,58,65,61,OK,16,0.27,UP
2025-01-01 11:46:00,SRV-110,75.7,53,39,56,OK,17,0.24,UP
2025-01-01 11:47:00,SRV-106,74.3,47,72,39,OK,27,0.34,UP
2025-01-01 11:48:00,SRV-107,74.7,65,42,61,OK,7,0.11,UP
2025-01-01 11:49:00,SRV-103,73.1,34,68,46,OK,5,0.09,UP
2025-01-01 11:50:00,SRV-109,72.3,51,69,33,OK,19,0.22,UP
2025-01-01 11:51:00,SRV-110,98.1,98,97,97,FAIL,181,6.56,UP
2025-01-01 11:52:00,SRV-101,75.5,61,71,44,OK,23,0.07,UP
2025-01-01 11:53:00,SRV-110,72.4,43,69,46,OK,23,0.33,UP
2025-01-01 11:54:00,SRV-108,74.1,37,54,57,OK,5,0.24,UP
2025-01-01 11:55:00,SRV-103,70.8,25,56,66,OK,7,0.11,UP
2025-01-01 11:56:00,SRV-106,85.8,80,85,84,OK,109,0.59,UP
2025-01-01 11:57:00,SRV-104,68.7,27,44,34,OK,4,0.1,UP
2025-01-01 11:58:00,SRV-107,85.7,80,85,90,OK,111,1.42,UP
2025-01-01 11:59:00,SRV-104,81.6,85,84,83,OK,40,0.57,UP
2025-01-01 12:00:00,SRV-107,75.7,25,72,50,OK,4,0.02,UP
2025-01-01 12:01:00,SRV-108,74.4,55,65,46,OK,20,0.0,UP
2025-01-01 12:02:00,SRV-102,74.8,58,58,53,OK,14,0.02,UP
2025-01-01 12:03:00,SRV-101,67.9,47,53,32,OK,15,0.18,UP
2025-01-01 12:04:00,SRV-109,75.9,55,74,35,OK,7,0.34,UP
2025-01-01 12:05:00,SRV-107,75.9,47,58,37,OK,9,0.21,UP
2025-01-01 12:06:00,SRV-107,66.5,20,56,58,OK,19,0.16,UP
2025-01-01 12:07:00,SRV-110,85.4,83,82,82,OK,116,1.45,UP
2025-01-01 12:08:00,SRV-105,71.1,44,69,59,OK,25,0.2,UP
2025-01-01 12:09:00,SRV-108,83.1,84,89,80,OK,139,1.66,UP
2025-01-01 12:10:00,SRV-101,68.7,53,72,64,OK,10,0.25,UP
2025-01-01 12:11:00,SRV-110,71.2,58,74,52,OK,7,0.29,UP
2025-01-01 12:12:00,SRV-104,75.5,19,47,29,OK,17,0.11,UP
2025-01-01 12:13:00,SRV-103,68.0,44,74,58,OK,26,0.25,UP
2025-01-01 12:14:00,SRV-103,71.6,54,65,61,OK,15,0.11,UP
2025-01-01 12:15:00,SRV-103,71.3,46,57,44,OK,22,0.17,UP
2025-01-01 12:16:00,SRV-104,69.0,31,53,41,OK,25,0.25,UP
2025-01-01 12:17:00,SRV-106,71.6,62,52,46,OK,6,0.2,UP
2025-01-01 12:18:00,SRV-109,75.8,64,57,37,OK,12,0.01,UP
2025-01-01 12:19:00,SRV-102,70.4,28,65,41,OK,9,0.29,UP
2025-01-01 12:20:00,SRV-105,93.8,98,95,91,OK,185,5.72,DOWN
2025-01-01 12:21:00,SRV-109,68.3,18,61,49,OK,25,0.17,UP
2025-01-01 12:22:00,SRV-103,71.5,22,61,58,OK,18,0.23,UP
2025-01-01 12:23:00,SRV-105,72.5,61,40,64,OK,10,0.19,UP
2025-01-01 12:24:00,SRV-101,84.9,80,80,89,OK,88,1.51,UP
2025-01-01 12:25:00,SRV-103,96.6,94,96,97,OK,468,2.68,UP
2025-01-01 12:26:00,SRV-106,75.9,46,68,59,OK,7,0.3,UP
2025-01-01 12:27:00,SRV-108,74.1,33,45,57,OK,23,0.09,UP
2025-01-01 12:28:00,SRV-103,69.4,30,71,40,OK,8,0.21,UP
2025-01-01 12:29:00,SRV-107,77.8,88,81,78,OK,55,1.09,UP
2025-01-01 12:30:00,SRV-104,69.8,40,52,49,OK,12,0.2,UP
2025-01-01 12:31:00,SRV-110,72.5,56,50,31,OK,24,0.04,UP
2025-01-01 12:32:00,SRV-105,72.9,68,54,35,OK,23,0.32,UP
2025-01-01 12:33:00,SRV-105,68.2,20,65,37,OK,17,0.26,UP
2025-01-01 12:34:00,SRV-110,73.0,42,69,41,OK,27,0.09,UP
2025-01-01 12:35:00,SRV-110,81.0,89,85,77,OK,110,0.6,UP
2025-01-01 12:36:00,SRV-109,81.8,80,85,89,OK,104,1.05,UP
2025-01-01 12:37:00,SRV-104,70.9,44,63,31,OK,17,0.05,UP
2025-01-01 12:38:00,SRV-107,66.6,41,54,29,OK,15,0.09,UP
2025-01-01 12:39:00,SRV-101,77.4,83,91,77,OK,107,1.79,UP
2025-01-01 12:40:00,SRV-102,90.5,95,98,93,FAIL,355,4.52,DOWN
2025-01-01 12:41:00,SRV-107,72.8,54,69,36,OK,23,0.3,UP
2025-01-01 12:42:00,SRV-102,71.4,45,43,42,OK,3,0.26,UP
2025-01-01 12:43:00,SRV-105,73.2,39,69,52,OK,10,0.09,UP
2025-01-01 12:44:00,SRV-106,67.9,68,42,30,OK,28,0.23,UP
2025-01-01 12:45:00,SRV-110,77.1,81,81,77,FAIL,114,0.5,UP
2025-01-01 12:46:00,SRV-110,74.7,27,37,53,OK,17,0.08,UP
2025-01-01 12:47:00,SRV-104,78.3,82,83,89,OK,131,1.23,UP
2025-01-01 12:48:00,SRV-110,72.7,32,50,47,OK,7,0.34,UP
2025-01-01 12:49:00,SRV-109,69.0,15,70,65,OK,26,0.32,UP
2025-01-01 12:50:00,SRV-107,66.5,34,59,61,OK,13,0.24,UP
2025-01-01 12:51:00,SRV-107,69.8,60,69,58,OK,10,0.3,UP
2025-01-01 12:52:00,SRV-105,81.2,78,88,82,OK,91,1.2,UP
2025-01-01 12:53:00,SRV-103,68.5,33,40,56,OK,14,0.03,UP
2025-01-01 12:54:00,SRV-104,69.8,50,73,30,OK,5,0.07,UP
2025-01-01 12:55:00,SRV-110,81.3,91,85,80,OK,39,0.74,UP
2025-01-01 12:56:00,SRV-104,94.7,95,95,94,FAIL,282,5.08,UP
2025-01-01 12:57:00,SRV-105,71.3,34,54,44,OK,14,0.18,UP
2025-01-01 12:58:00,SRV-108,74.0,58,65,48,OK,9,0.13,UP
2025-01-01 12:59:00,SRV-107,74.6,59,44,29,OK,11,0.19,UP
2025-01-01 13:00:00,SRV-110,70.2,21,47,49,OK,10,0.13,UP
2025-01-01 13:01:00,SRV-104,72.5,55,56,44,OK,27,0.29,UP
2025-01-01 13:02:00,SRV-108,73.3,34,45,36,OK,26,0.19,UP
2025-01-01 13:03:00,SRV-103,82.8,78,88,76,OK,47,1.73,UP
2025-01-01 13:04:00,SRV-101,84.6,81,81,87,OK,57,0.46,UP
2025-01-01 13:05:00,SRV-109,66.6,52,74,58,OK,24,0.17,UP
2025-01-01 13:06:00,SRV-101,70.1,13,68,45,OK,20,0.34,UP
2025-01-01 13:07:00,SRV-101,73.0,39,46,34,OK,6,0.18,UP
2025-01-01 13:08:00,SRV-104,71.3,64,57,45,OK,28,0.14,UP
2025-01-01 13:09:00,SRV-106,97.8,96,93,98,FAIL,176,2.6,DOWN
2025-01-01 13:10:00,SRV-107,70.8,52,35,38,OK,5,0.17,UP
2025-01-01 13:11:00,SRV-107,69.3,66,41,61,OK,4,0.08,UP
2025-01-01 13:12:00,SRV-110,66.5,16,52,62,OK,21,0.23,UP
2025-01-01 13:13:00,SRV-103,96.2,100,98,89,FAIL,313,2.98,UP
2025-01-01 13:14:00,SRV-104,74.5,55,69,49,OK,15,0.26,UP
2025-01-01 13:15:00,SRV-103,77.7,89,85,76,OK,50,1.04,UP
2025-01-01 13:16:00,SRV-102,73.7,50,60,48,OK,3,0.22,UP
2025-01-01 13:17:00,SRV-108,69.6,36,62,39,OK,24,0.21,UP
2025-01-01 13:18:00,SRV-107,72.2,63,50,32,OK,5,0.09,UP
2025-01-01 13:19:00,SRV-107,72.3,59,59,48,OK,14,0.04,UP
2025-01-01 13:20:00,SRV-101,89.4,94,94,94,FAIL,389,5.11,UP
2025-01-01 13:21:00,SRV-109,66.3,34,70,33,OK,22,0.21,UP
2025-01-01 13:22:00,SRV-106,80.7,90,81,87,OK,109,1.67,UP
2025-01-01 13:23:00,SRV-104,67.7,36,45,36,OK,11,0.11,UP
2025-01-01 13:24:00,SRV-108,67.7,29,61,47,OK,18,0.27,UP
2025-01-01 13:25:00,SRV-106,68.5,52,66,66,OK,22,0.07,UP
2025-01-01 13:26:00,SRV-102,66.1,37,56,67,OK,15,0.28,UP
2025-01-01 13:27:00,SRV-106,70.3,64,73,36,OK,12,0.11,UP
2025-01-01 13:28:00,SRV-104,67.8,37,55,46,OK,26,0.24,UP
2025-01-01 13:29:00,SRV-108,90.1,100,98,93,OK,218,7.13,DOWN
2025-01-01 13:30:00,SRV-104,71.5,55,70,29,OK,26,0.16,UP
2025-01-01 13:31:00,SRV-104,68.9,56,39,54,OK,24,0.17,UP
2025-01-01 13:32:00,SRV-105,72.6,57,62,52,OK,5,0.16,UP
2025-01-01 13:33:00,SRV-110,70.0,44,61,62,OK,4,0.28,UP
2025-01-01 13:34:00,SRV-106,74.1,50,40,34,OK,27,0.09,UP
2025-01-01 13:35:00,SRV-106,72.1,48,60,49,OK,28,0.15,UP
2025-01-01 13:36:00,SRV-101,68.2,59,68,63,OK,21,0.24,UP
2025-01-01 13:37:00,SRV-104,69.9,61,72,60,OK,7,0.12,UP
2025-01-01 13:38:00,SRV-101,69.0,17,42,37,OK,14,0.11,UP
2025-01-01 13:39:00,SRV-108,80.1,79,87,87,OK,127,1.06,UP
2025-01-01 13:40:00,SRV-102,74.1,19,36,49,OK,23,0.04,UP
2025-01-01 13:41:00,SRV-103,93.1,96,100,94,OK,396,3.35,UP
2025-01-01 13:42:00,SRV-107,67.9,54,62,53,OK,3,0.26,UP
2025-01-01 13:43:00,SRV-104,70.3,12,48,41,OK,11,0.26,UP
2025-01-01 13:44:00,SRV-102,74.0,46,46,51,OK,13,0.07,UP
2025-01-01 13:45:00,SRV-102,74.6,45,55,66,OK,15,0.21,UP
2025-01-01 13:46:00,SRV-110,69.5,41,74,39,OK,24,0.25,UP
2025-01-01 13:47:00,SRV-105,83.0,83,81,79,OK,77,0.61,UP
2025-01-01 13:48:00,SRV-106,71.1,38,73,36,OK,21,0.13,UP
2025-01-01 13:49:00,SRV-103,71.4,53,46,63,OK,8,0.17,UP
2025-01-01 13:50:00,SRV-103,74.4,51,38,50,OK,3,0.17,UP
2025-01-01 13:51:00,SRV-104,81.5,85,86,86,FAIL,100,1.01,UP
2025-01-01 13:52:00,SRV-108,66.8,13,49,46,OK,4,0.1,UP
2025-01-01 13:53:00,SRV-109,73.8,48,66,63,OK,19,0.04,UP
2025-01-01 13:54:00,SRV-102,71.4,35,69,30,OK,27,0.25,UP
2025-01-01 13:55:00,SRV-109,70.3,59,50,47,OK,4,0.16,UP
2025-01-01 13:56:00,SRV-106,84.8,79,83,79,OK,132,1.24,UP
2025-01-01 13:57:00,SRV-106,80.9,87,82,88,OK,64,1.55,UP
2025-01-01 13:58:00,SRV-101,71.3,50,69,38,OK,13,0.34,UP
2025-01-01 13:59:00,SRV-105,68.7,66,67,34,OK,7,0.34,UP
2025-01-01 14:00:00,SRV-107,84.8,80,91,89,FAIL,54,0.79,UP
2025-01-01 14:01:00,SRV-106,83.1,85,82,85,OK,118,0.81,UP
2025-01-01 14:02:00,SRV-107,66.8,62,40,53,OK,19,0.26,UP
2025-01-01 14:03:00,SRV-106,70.9,49,35,33,OK,26,0.34,UP
2025-01-01 14:04:00,SRV-106,80.6,84,83,83,OK,72,0.89,UP
2025-01-01 14:05:00,SRV-105,71.8,48,66,49,OK,24,0.27,UP
2025-01-01 14:06:00,SRV-101,73.8,41,36,35,OK,8,0.15,UP
2025-01-01 14:07:00,SRV-101,100.7,99,96,90,FAIL,300,2.6,UP
2025-01-01 14:08:00,SRV-106,69.7,53,45,31,OK,15,0.22,UP
2025-01-01 14:09:00,SRV-104,66.9,18,35,41,OK,18,0.03,UP
2025-01-01 14:10:00,SRV-110,72.8,12,35,49,OK,6,0.35,UP
2025-01-01 14:11:00,SRV-107,70.8,26,59,33,OK,26,0.28,UP
2025-01-01 14:12:00,SRV-102,74.8,20,59,36,OK,23,0.35,UP
2025-01-01 14:13:00,SRV-103,71.6,51,45,56,OK,14,0.25,UP
2025-01-01 14:14:00,SRV-103,81.0,81,81,90,OK,50,0.64,UP
2025-01-01 14:15:00,SRV-102,69.8,39,55,36,OK,10,0.1,UP
2025-01-01 14:16:00,SRV-102,72.0,58,73,46,OK,27,0.33,UP
2025-01-01 14:17:00,SRV-101,79.7,86,89,84,OK,62,1.46,UP
2025-01-01 14:18:00,SRV-105,73.8,62,50,59,OK,15,0.04,UP
2025-01-01 14:19:00,SRV-108,66.7,68,35,51,OK,13,0.05,UP
2025-01-01 14:20:00,SRV-110,71.5,23,65,32,OK,3,0.21,UP
2025-01-01 14:21:00,SRV-101,66.4,15,60,60,OK,12,0.22,UP
2025-01-01 14:22:00,SRV-109,80.6,88,88,84,OK,116,0.66,UP
2025-01-01 14:23:00,SRV-102,71.1,25,44,62,OK,13,0.14,UP
2025-01-01 14:24:00,SRV-102,70.4,66,50,31,OK,10,0.03,UP
2025-01-01 14:25:00,SRV-107,72.1,15,54,39,OK,6,0.0,UP
2025-01-01 14:26:00,SRV-103,67.6,34,68,61,OK,28,0.29,UP
2025-01-01 14:27:00,SRV-105,67.3,61,52,35,OK,27,0.31,UP
2025-01-01 14:28:00,SRV-106,77.6,89,89,86,OK,47,1.12,UP
2025-01-01 14:29:00,SRV-109,71.0,48,45,51,OK,8,0.09,UP
2025-01-01 14:30:00,SRV-102,78.0,89,88,76,OK,43,1.61,UP
2025-01-01 14:31:00,SRV-101,70.7,36,44,39,OK,4,0.19,UP
2025-01-01 14:32:00,SRV-107,68.5,58,55,45,OK,5,0.2,UP
2025-01-01 14:33:00,SRV-102,75.0,23,49,61,OK,4,0.33,UP
2025-01-01 14:34:00,SRV-102,84.0,82,85,77,OK,108,1.07,UP
2025-01-01 14:35:00,SRV-106,71.6,31,74,43,OK,17,0.13,UP
2025-01-01 14:36:00,SRV-108,93.0,100,95,90,OK,163,7.13,UP
2025-01-01 14:37:00,SRV-101,69.5,65,35,49,OK,3,0.27,UP
2025-01-01 14:38:00,SRV-107,77.9,86,83,82,OK,100,1.75,UP
2025-01-01 14:39:00,SRV-103,66.9,26,68,54,OK,25,0.31,UP
2025-01-01 14:40:00,SRV-108,89.9,100,98,89,FAIL,463,5.17,DOWN
2025-01-01 14:41:00,SRV-107,67.3,30,51,48,OK,28,0.14,UP
2025-01-01 14:42:00,SRV-106,68.7,16,47,36,OK,27,0.27,UP
2025-01-01 14:43:00,SRV-102,67.6,41,55,54,OK,6,0.19,UP
2025-01-01 14:44:00,SRV-104,70.6,66,42,33,OK,8,0.28,UP
2025-01-01 14:45:00,SRV-105,77.4,91,85,78,OK,49,1.41,UP
2025-01-01 14:46:00,SRV-106,66.5,31,51,39,OK,3,0.33,UP
2025-01-01 14:47:00,SRV-108,71.5,18,64,34,OK,28,0.28,UP
2025-01-01 14:48:00,SRV-102,74.3,26,43,40,OK,15,0.13,UP
2025-01-01 14:49:00,SRV-102,68.6,64,39,29,OK,5,0.07,UP
2025-01-01 14:50:00,SRV-108,84.6,90,85,77,OK,43,1.72,UP
2025-01-01 14:51:00,SRV-101,71.7,64,60,59,OK,3,0.13,UP
2025-01-01 14:52:00,SRV-107,68.1,23,52,45,OK,17,0.31,UP
2025-01-01 14:53:00,SRV-101,72.2,53,53,59,OK,16,0.31,UP
2025-01-01 14:54:00,SRV-108,68.8,20,61,40,OK,23,0.31,UP
2025-01-01 14:55:00,SRV-109,75.9,46,36,52,OK,28,0.25,UP
2025-01-01 14:56:00,SRV-108,70.8,48,67,48,OK,15,0.09,UP
2025-01-01 14:57:00,SRV-101,68.2,63,52,31,OK,28,0.35,UP
2025-01-01 14:58:00,SRV-109,71.8,26,45,34,OK,10,0.23,UP
2025-01-01 14:59:00,SRV-105,73.9,59,38,42,OK,21,0.3,UP
2025-01-01 15:00:00,SRV-107,74.4,66,46,39,OK,10,0.21,UP
2025-01-01 15:01:00,SRV-106,83.3,87,89,78,OK,110,1.73,UP
2025-01-01 15:02:00,SRV-108,67.8,14,40,31,OK,10,0.21,UP
2025-01-01 15:03:00,SRV-101,66.0,51,47,36,OK,13,0.25,UP
2025-01-01 15:04:00,SRV-106,67.5,57,44,35,OK,19,0.3,UP
2025-01-01 15:05:00,SRV-102,75.4,37,72,34,OK,13,0.11,UP
2025-01-01 15:06:00,SRV-103,94.0,97,97,90,OK,447,5.85,DOWN
2025-01-01 15:07:00,SRV-110,82.3,80,86,80,OK,131,1.38,UP
2025-01-01 15:08:00,SRV-103,66.0,56,71,53,OK,27,0.34,UP
2025-01-01 15:09:00,SRV-101,69.2,63,74,42,OK,23,0.2,UP
2025-01-01 15:10:00,SRV-108,73.5,27,57,48,OK,8,0.22,UP
2025-01-01 15:11:00,SRV-102,83.6,83,87,76,OK,71,0.73,UP
2025-01-01 15:12:00,SRV-102,73.9,58,35,31,OK,15,0.15,UP
2025-01-01 15:13:00,SRV-107,91.2,98,98,89,OK,405,6.36,DOWN
2025-01-01 15:14:00,SRV-110,72.9,22,63,32,OK,28,0.3,UP
2025-01-01 15:15:00,SRV-105,68.6,18,39,49,OK,8,0.31,UP
2025-01-01 15:16:00,SRV-103,85.1,79,85,85,OK,116,1.66,UP
2025-01-01 15:17:00,SRV-101,72.5,50,62,38,OK,4,0.04,UP
2025-01-01 15:18:00,SRV-104,101.0,98,96,98,FAIL,304,3.71,UP
2025-01-01 15:19:00,SRV-102,71.7,65,66,37,OK,4,0.13,UP
2025-01-01 15:20:00,SRV-107,74.2,52,73,58,OK,9,0.03,UP
2025-01-01 15:21:00,SRV-104,68.9,17,65,35,OK,12,0.27,UP
2025-01-01 15:22:00,SRV-108,72.6,17,69,52,OK,8,0.13,UP
2025-01-01 15:23:00,SRV-107,70.5,28,63,57,OK,11,0.08,UP
2025-01-01 15:24:00,SRV-105,67.5,56,41,33,OK,24,0.12,UP
2025-01-01 15:25:00,SRV-109,73.6,26,70,31,OK,15,0.29,UP
2025-01-01 15:26:00,SRV-107,93.3,95,99,92,OK,200,4.23,UP
2025-01-01 15:27:00,SRV-101,75.0,63,71,67,OK,7,0.04,UP
2025-01-01 15:28:00,SRV-108,75.8,25,47,36,OK,4,0.15,UP
2025-01-01 15:29:00,SRV-107,74.2,21,73,44,OK,13,0.32,UP
2025-01-01 15:30:00,SRV-102,71.6,47,55,45,OK,19,0.16,UP
2025-01-01 15:31:00,SRV-101,81.7,84,81,82,OK,57,0.65,UP
2025-01-01 15:32:00,SRV-110,75.6,18,41,64,OK,27,0.04,UP
2025-01-01 15:33:00,SRV-105,84.9,82,86,86,FAIL,100,1.22,UP
2025-01-01 15:34:00,SRV-108,68.8,21,74,66,OK,24,0.24,UP
2025-01-01 15:35:00,SRV-101,74.8,56,50,31,OK,26,0.17,UP
2025-01-01 15:36:00,SRV-105,84.4,82,84,80,OK,100,1.61,UP
2025-01-01 15:37:00,SRV-102,98.4,100,97,92,FAIL,373,5.37,DOWN
2025-01-01 15:38:00,SRV-102,68.1,64,61,59,OK,27,0.18,UP
2025-01-01 15:39:00,SRV-106,78.4,82,91,84,OK,89,0.63,UP
2025-01-01 15:40:00,SRV-109,78.7,91,83,89,OK,45,0.79,UP
2025-01-01 15:41:00,SRV-108,69.6,24,52,51,OK,17,0.18,UP
2025-01-01 15:42:00,SRV-102,68.4,43,73,56,OK,8,0.34,UP
2025-01-01 15:43:00,SRV-108,69.5,22,51,33,OK,12,0.01,UP
2025-01-01 15:44:00,SRV-101,71.7,25,49,42,OK,24,0.07,UP
2025-01-01 15:45:00,SRV-107,74.6,61,35,58,OK,7,0.23,UP
2025-01-01 15:46:00,SRV-110,82.5,82,91,87,OK,120,0.82,UP
2025-01-01 15:47:00,SRV-107,79.0,82,90,84,OK,117,0.99,UP
2025-01-01 15:48:00,SRV-102,76.0,65,58,63,OK,23,0.21,UP
2025-01-01 15:49:00,SRV-105,67.1,16,56,45,OK,23,0.11,UP
2025-01-01 15:50:00,SRV-105,73.1,53,54,40,OK,7,0.18,UP
2025-01-01 15:51:00,SRV-104,84.2,87,86,86,OK,78,1.37,UP
2025-01-01 15:52:00,SRV-101,76.0,28,61,53,OK,15,0.26,UP
2025-01-01 15:53:00,SRV-110,71.7,24,56,42,OK,24,0.19,UP
2025-01-01 15:54:00,SRV-108,81.6,91,82,89,OK,122,1.63,UP
2025-01-01 15:55:00,SRV-103,70.7,59,51,63,OK,27,0.32,UP
2025-01-01 15:56:00,SRV-106,68.2,26,54,54,OK,28,0.31,UP
2025-01-01 15:57:00,SRV-106,68.9,66,42,58,OK,4,0.3,UP
2025-01-01 15:58:00,SRV-110,72.2,42,47,60,OK,6,0.3,UP
2025-01-01 15:59:00,SRV-107,70.1,67,44,36,OK,9,0.12,UP
2025-01-01 16:00:00,SRV-110,78.3,91,91,78,FAIL,137,0.56,UP
2025-01-01 16:01:00,SRV-106,67.8,52,38,28,OK,17,0.1,UP
2025-01-01 16:02:00,SRV-103,67.6,62,40,36,OK,22,0.15,UP
2025-01-01 16:03:00,SRV-107,75.7,36,35,30,OK,20,0.07,UP
2025-01-01 16:04:00,SRV-106,92.8,94,92,98,OK,287,3.32,UP
2025-01-01 16:05:00,SRV-106,67.0,44,72,47,OK,8,0.02,UP
2025-01-01 16:06:00,SRV-101,68.9,58,68,66,OK,19,0.12,UP
2025-01-01 16:07:00,SRV-103,75.0,34,47,38,OK,28,0.14,UP
2025-01-01 16:08:00,SRV-104,75.8,25,36,65,OK,19,0.06,UP
2025-01-01 16:09:00,SRV-106,73.9,36,51,62,OK,22,0.02,UP
2025-01-01 16:10:00,SRV-101,72.5,13,38,35,OK,16,0.16,UP
2025-01-01 16:11:00,SRV-102,70.7,21,48,68,OK,3,0.11,UP
2025-01-01 16:12:00,SRV-102,68.7,50,43,54,OK,6,0.18,UP
2025-01-01 16:13:00,SRV-110,67.1,18,66,40,OK,22,0.07,UP
2025-01-01 16:14:00,SRV-105,80.2,84,84,78,FAIL,43,1.19,UP
2025-01-01 16:15:00,SRV-104,70.8,27,35,28,OK,24,0.03,UP
2025-01-01 16:16:00,SRV-102,78.3,79,88,77,OK,130,1.43,UP
2025-01-01 16:17:00,SRV-105,70.6,30,51,57,OK,4,0.03,UP
2025-01-01 16:18:00,SRV-103,80.2,88,85,82,OK,132,0.61,UP
2025-01-01 16:19:00,SRV-101,67.4,53,45,49,OK,14,0.31,UP
